Workbook

Sheet Sales data
A1: DEMO DATA — fictional sample records created for a demonstration. Not client data.
A3: Date | B3: Product | C3: Category | D3: Qty | E3: Unit price (₦) | F3: Revenue (₦) | G3: Location | H3: Customer type
A4: 46115 | B4: Sparkling water | C4: Beverages | D4: 5 | E4: 300 | F4: =D4*E4 -> 1500 | G4: Abuja | H4: Wholesale
A5: 46117 | B5: Zobo drink | C5: Beverages | D5: 5 | E5: 450 | F5: =D5*E5 -> 2250 | G5: Port Harcourt | H5: Online
A6: 46121 | B6: Notebook | C6: Stationery | D6: 2 | E6: 1200 | F6: =D6*E6 -> 2400 | G6: Lagos | H6: Online
A7: 46123 | B7: Cold brew | C7: Beverages | D7: 5 | E7: 900 | F7: =D7*E7 -> 4500 | G7: Ibadan | H7: Online
A8: 46123 | B8: Sparkling water | C8: Beverages | D8: 9 | E8: 300 | F8: =D8*E8 -> 2700 | G8: Ibadan | H8: Retail
A9: 46124 | B9: Earbuds | C9: Electronics | D9: 12 | E9: 9500 | F9: =D9*E9 -> 114000 | G9: Lagos | H9: Online
A10: 46128 | B10: Zobo drink | C10: Beverages | D10: 4 | E10: 450 | F10: =D10*E10 -> 1800 | G10: Abuja | H10: Online
A11: 46128 | B11: Storage box | C11: Home | D11: 4 | E11: 3500 | F11: =D11*E11 -> 14000 | G11: Abuja | H11: Online
A12: 46133 | B12: Sparkling water | C12: Beverages | D12: 6 | E12: 300 | F12: =D12*E12 -> 1800 | G12: Port Harcourt | H12: Online
A13: 46134 | B13: Throw pillow | C13: Home | D13: 6 | E13: 4200 | F13: =D13*E13 -> 25200 | G13: Port Harcourt | H13: Online
A14: 46138 | B14: Earbuds | C14: Electronics | D14: 1 | E14: 9500 | F14: =D14*E14 -> 9500 | G14: Lagos | H14: Online
A15: 46139 | B15: Storage box | C15: Home | D15: 5 | E15: 3500 | F15: =D15*E15 -> 17500 | G15: Lagos | H15: Online
... A93: 46292 | B93: Earbuds | C93: Electronics | D93: 11 | E93: 9500 | F93: =D93*E93 -> 104500 | G93: Port Harcourt | H93: Retail

Sheet Summary
A1: Sales summary (all values are formulas on the "Sales data" sheet)
A2: DEMO DATA — fictional
A4: By category | B4: Revenue (₦) | C4: Units | D4: Orders
A5: Beverages | B5: =SUMIFS('Sales data'!$F$4:$F$93,'Sales data'!$C$4:$C$93,$A5) -> 102750 | C5: =SUMIFS('Sales data'!$D$4:$D$93,'Sales data'!$C$4:$C$93,$A5) -> 167 | D5: =COUNTIFS('Sales data'!$C$4:$C$93,$A5) -> 23
A6: Stationery | B6: =SUMIFS('Sales data'!$F$4:$F$93,'Sales data'!$C$4:$C$93,$A6) -> 314800 | C6: =SUMIFS('Sales data'!$D$4:$D$93,'Sales data'!$C$4:$C$93,$A6) -> 181 | D6: =COUNTIFS('Sales data'!$C$4:$C$93,$A6) -> 23
A7: Electronics | B7: =SUMIFS('Sales data'!$F$4:$F$93,'Sales data'!$C$4:$C$93,$A7) -> 1850500 | C7: =SUMIFS('Sales data'!$D$4:$D$93,'Sales data'!$C$4:$C$93,$A7) -> 147 | D7: =COUNTIFS('Sales data'!$C$4:$C$93,$A7) -> 22
A8: Home | B8: =SUMIFS('Sales data'!$F$4:$F$93,'Sales data'!$C$4:$C$93,$A8) -> 522100 | C8: =SUMIFS('Sales data'!$D$4:$D$93,'Sales data'!$C$4:$C$93,$A8) -> 118 | D8: =COUNTIFS('Sales data'!$C$4:$C$93,$A8) -> 22
A9: Total | B9: =SUM(B5:B8) -> 2790150 | C9: =SUM(C5:C8) -> 613 | D9: =SUM(D5:D8) -> 90
A12: By location | B12: Revenue (₦) | C12: Units | D12: Orders
A13: Lagos | B13: =SUMIFS('Sales data'!$F$4:$F$93,'Sales data'!$G$4:$G$93,$A13) -> 544200 | C13: =SUMIFS('Sales data'!$D$4:$D$93,'Sales data'!$G$4:$G$93,$A13) -> 162 | D13: =COUNTIFS('Sales data'!$G$4:$G$93,$A13) -> 24
A14: Ibadan | B14: =SUMIFS('Sales data'!$F$4:$F$93,'Sales data'!$G$4:$G$93,$A14) -> 429100 | C14: =SUMIFS('Sales data'!$D$4:$D$93,'Sales data'!$G$4:$G$93,$A14) -> 92 | D14: =COUNTIFS('Sales data'!$G$4:$G$93,$A14) -> 13
A15: Abuja | B15: =SUMIFS('Sales data'!$F$4:$F$93,'Sales data'!$G$4:$G$93,$A15) -> 677200 | C15: =SUMIFS('Sales data'!$D$4:$D$93,'Sales data'!$G$4:$G$93,$A15) -> 168 | D15: =COUNTIFS('Sales data'!$G$4:$G$93,$A15) -> 25
A16: Port Harcourt | B16: =SUMIFS('Sales data'!$F$4:$F$93,'Sales data'!$G$4:$G$93,$A16) -> 379450 | C16: =SUMIFS('Sales data'!$D$4:$D$93,'Sales data'!$G$4:$G$93,$A16) -> 83 | D16: =COUNTIFS('Sales data'!$G$4:$G$93,$A16) -> 14
A17: Enugu | B17: =SUMIFS('Sales data'!$F$4:$F$93,'Sales data'!$G$4:$G$93,$A17) -> 760200 | C17: =SUMIFS('Sales data'!$D$4:$D$93,'Sales data'!$G$4:$G$93,$A17) -> 108 | D17: =COUNTIFS('Sales data'!$G$4:$G$93,$A17) -> 14
A18: Total | B18: =SUM(B13:B17) -> 2790150 | C18: =SUM(C13:C17) -> 613 | D18: =SUM(D13:D17) -> 90
A20: Average order value (₦) | B20: =B9/D9 -> 31001.667

Sheet Contact list
A1: DEMO DATA — fictional people and numbers, to show a data-entry layout. Edit the white cells.
A3: No. | B3: Full name | C3: Phone | D3: Email | E3: Town | F3: Status
A4: =ROW()-3 -> 1 | B4: Adaeze Okafor | C4: 0800 000 1000 | D4: adaeze.okafor@example.com | E4: Lagos | F4: Verified
A5: =ROW()-3 -> 2 | B5: Tunde Bakare | C5: 0800 000 1037 | D5: tunde.bakare@example.com | E5: Ibadan | F5: Verified
A6: =ROW()-3 -> 3 | B6: Chiamaka Eze | C6: 0800 000 1074 | D6: chiamaka.eze@example.com | E6: Abuja | F6: Verified
A7: =ROW()-3 -> 4 | B7: Ibrahim Musa | C7: 0800 000 1111 | D7: ibrahim.musa@example.com | E7: Kaduna | F7: Pending
A8: =ROW()-3 -> 5 | B8: Funke Adeyemi | C8: 0800 000 1148 | D8: funke.adeyemi@example.com | E8: Lagos | F8: Verified
A9: =ROW()-3 -> 6 | B9: Emeka Nwosu | C9: 0800 000 1185 | D9: emeka.nwosu@example.com | E9: Enugu | F9: Verified
A10: =ROW()-3 -> 7 | B10: Zainab Lawal | C10: 0800 000 1222 | D10: zainab.lawal@example.com | E10: Abuja | F10: Verified
A11: =ROW()-3 -> 8 | B11: Segun Ajayi | C11: 0800 000 1259 | D11: segun.ajayi@example.com | E11: Ibadan | F11: Verified
A12: =ROW()-3 -> 9 | B12: Ngozi Obi | C12: 0800 000 1296 | D12: ngozi.obi@example.com | E12: Lagos | F12: Pending
A13: =ROW()-3 -> 10 | B13: Bayo Ogunleye | C13: 0800 000 1333 | D13: bayo.ogunleye@example.com | E13: Ibadan | F13: Verified
A14: =ROW()-3 -> 11 | B14: Hauwa Bello | C14: 0800 000 1370 | D14: hauwa.bello@example.com | E14: Kano | F14: Verified
A15: =ROW()-3 -> 12 | B15: Kelechi Uche | C15: 0800 000 1407 | D15: kelechi.uche@example.com | E15: Owerri | F15: Verified
B18: Records entered | C18: =COUNTA(B4:B15) -> 12
